{"cameraMode":{"drawMode":0,"name":"Shaded","section":"Shading Mode"},"sceneLighting":false,"audioPlay":false,"sceneViewState":{"showFog":false,"showMaterialUpdate":false,"showSkybox":false,"showFlares":false,"showImageEffects":false,"showParticleSystems":false},"in2DMode":false,"pivot":{"x":-9.011219024658204,"y":2.555262804031372,"z":13.700080871582032},"rotation":{"x":0.19291357696056367,"y":0.7281795740127564,"z":-0.22766894102096559,"w":0.6170135736465454},"size":11.046236038208008,"orthographic":false}