{"cameraMode":{"drawMode":0,"name":"Shaded","section":"Shading Mode"},"sceneLighting":true,"audioPlay":false,"sceneViewState":{"showFog":false,"showMaterialUpdate":false,"showSkybox":false,"showFlares":false,"showImageEffects":false,"showParticleSystems":false},"in2DMode":false,"pivot":{"x":265.818115234375,"y":1.562906265258789,"z":-136.43760681152345},"rotation":{"x":0.24414560198783875,"y":-0.005270657129585743,"z":0.0013293067459017039,"w":0.9697234034538269},"size":548.421875,"orthographic":false}