{"cameraMode":{"drawMode":0,"name":"Shaded","section":"Shading Mode"},"sceneLighting":true,"audioPlay":false,"sceneViewState":{"showFog":false,"showMaterialUpdate":false,"showSkybox":false,"showFlares":false,"showImageEffects":false,"showParticleSystems":false},"in2DMode":false,"pivot":{"x":264.1663513183594,"y":-1.2870686054229737,"z":-134.8204345703125},"rotation":{"x":0.14694903790950776,"y":-0.7524523138999939,"z":0.1793595552444458,"w":0.6164833307266235},"size":6.6999711990356449,"orthographic":false}