{"cameraMode":{"drawMode":0,"name":"Shaded","section":"Shading Mode"},"sceneLighting":false,"audioPlay":false,"sceneViewState":{"showFog":false,"showMaterialUpdate":false,"showSkybox":false,"showFlares":false,"showImageEffects":false,"showParticleSystems":false},"in2DMode":false,"pivot":{"x":4.551326751708984,"y":2.3886795043945314,"z":7.176248550415039},"rotation":{"x":0.02769019640982151,"y":0.7294201850891113,"z":-0.029576482251286508,"w":0.6828650832176209},"size":10.247360229492188,"orthographic":false}