{"cameraMode":{"drawMode":0,"name":"Shaded","section":"Shading Mode"},"sceneLighting":true,"audioPlay":false,"sceneViewState":{"showFog":false,"showMaterialUpdate":false,"showSkybox":false,"showFlares":false,"showImageEffects":false,"showParticleSystems":false},"in2DMode":false,"pivot":{"x":5.3732757568359379,"y":0.13369369506835938,"z":-3.086939811706543},"rotation":{"x":-0.20521634817123414,"y":-0.055137936025857928,"z":0.011579783633351326,"w":-0.9770936965942383},"size":7.102067947387695,"orthographic":false}