{"cameraMode":{"drawMode":0,"name":"Shaded","section":"Shading Mode"},"sceneLighting":false,"audioPlay":false,"sceneViewState":{"showFog":false,"showMaterialUpdate":false,"showSkybox":false,"showFlares":false,"showImageEffects":false,"showParticleSystems":false},"in2DMode":false,"pivot":{"x":-1.4800000190734864,"y":0.3465990424156189,"z":0.2998616695404053},"rotation":{"x":-0.29529210925102236,"y":0.05760568752884865,"z":-0.01784147135913372,"w":-0.9535019397735596},"size":5.357767105102539,"orthographic":false}