{"cameraMode":{"drawMode":0,"name":"Shaded","section":"Shading Mode"},"sceneLighting":false,"audioPlay":false,"sceneViewState":{"showFog":false,"showMaterialUpdate":false,"showSkybox":false,"showFlares":false,"showImageEffects":false,"showParticleSystems":false},"in2DMode":false,"pivot":{"x":264.1800231933594,"y":1.3914618492126465,"z":-136.6927032470703},"rotation":{"x":0.14694903790950776,"y":-0.7524523138999939,"z":0.1793595552444458,"w":0.6164833307266235},"size":2.7592756748199465,"orthographic":false}