{"cameraMode":{"drawMode":0,"name":"Shaded","section":"Shading Mode"},"sceneLighting":true,"audioPlay":false,"sceneViewState":{"showFog":false,"showMaterialUpdate":false,"showSkybox":false,"showFlares":false,"showImageEffects":false,"showParticleSystems":false},"in2DMode":false,"pivot":{"x":-8.465092658996582,"y":28.121845245361329,"z":-40.090110778808597},"rotation":{"x":0.20474177598953248,"y":0.3981393873691559,"z":-0.09164207428693772,"w":0.8894760608673096},"size":3.095582962036133,"orthographic":false}